/* ****************************************************************************/
/*										              	  */
/*	                                                				          */
/*												  */
/*	                    The Library Database  		                   */
/*												    */
/*	                                            			               	            */
/*												    */
/* *******************************************************************************/
USE library;

--
-- Insert data for BRANCHES table
--
INSERT INTO branches (branch_id,branch_name, city) VALUES
(1234,'San Leandro', 'San Leandro'),
(2345,'East Bay', 'Hayward'),
(3456,'Downtown', 'San Francisco'),
(45678,'Palo Alto', 'Palo Alto'),
(5678,'San Mateo', 'San Mateo'),
(6789,'Foster City', 'Foster City');

--
-- Insert data for member table
--
INSERT INTO member
VALUES (1001, 'MORALES', 'BONITA', 'P.O. BOX 651', 'EASTPOINT', 'FL', '32328', 'SE');
INSERT INTO member
VALUES (1002, 'THOMPSON', 'RYAN', 'P.O. BOX 9835', 'SANTA MONICA', 'CA', '90404', 'W');
INSERT INTO  member 
VALUES (1003, 'SMITH', 'LEILA', 'P.O. BOX 66', 'TALLAHASSEE', 'FL', '32306', 'SE'); 
INSERT INTO  member 
VALUES (1004, 'PIERSON', 'THOMAS', '69821 SOUTH AVENUE', 'BOISE', 'ID', '83707', 'NW'); 
INSERT INTO  member 
VALUES (1005, 'GIRARD', 'CINDY', 'P.O. BOX 851', 'SEATTLE', 'WA', '98115', 'NW'); 
INSERT INTO  member 
VALUES (1006, 'CRUZ', 'MESHIA', '82 DIRT ROAD', 'ALBANY', 'NY', '12211', 'NE'); 
INSERT INTO  member 
VALUES (1007, 'GIANA', 'TAMMY', '9153 MAIN STREET', 'AUSTIN', 'TX', '78710', 'SW'); 
INSERT INTO  member 
VALUES (1008, 'JONES', 'KENNETH', 'P.O. BOX 137', 'CHEYENNE', 'WY', '82003','N'); 
INSERT INTO  member 
VALUES (1009, 'PEREZ', 'JORGE', 'P.O. BOX 8564', 'BURBANK', 'CA', '91510', 'W'); 
INSERT INTO  member 
VALUES (1010, 'LUCAS', 'JAKE', '114 EAST SAVANNAH', 'ATLANTA', 'GA', '30314', 'SE'); 
INSERT INTO  member 
VALUES (1011, 'MCGOVERN', 'REESE', 'P.O. BOX 18', 'CHICAGO', 'IL', '60606', 'N');  
INSERT INTO  member 
VALUES (1012, 'MCKENZIE', 'WILLIAM', 'P.O. BOX 971', 'BOSTON', 'MA', '02110', 'NE'); 
INSERT INTO  member 
VALUES (1013, 'NGUYEN', 'NICHOLAS', '357 WHITE EAGLE AVE.', 'CLERMONT', 'FL', '34711', 'SE'); 
INSERT INTO  member 
VALUES (1014, 'LEE', 'JASMINE', 'P.O. BOX 2947', 'CODY', 'WY', '82414', 'N'); 
INSERT INTO  member 
VALUES (1015, 'SCHELL', 'STEVE', 'P.O. BOX 677', 'MIAMI', 'FL', '33111', 'SE'); 
INSERT INTO  member 
VALUES (1016, 'DAUM', 'MICHELL', '9851231 LONG ROAD', 'BURBANK', 'CA', '91508', 'W'); 
INSERT INTO  member 
VALUES (1017, 'NELSON', 'BECCA', 'P.O. BOX 563', 'KALMAZOO', 'MI', '49006', 'N'); 
INSERT INTO  member 
VALUES (1018, 'MONTIASA', 'GREG', '1008 GRAND AVENUE', 'MACON', 'GA', '31206', 'SE'); 
INSERT INTO  member 
VALUES (1019, 'SMITH', 'JENNIFER', 'P.O. BOX 1151', 'MORRISTOWN', 'NJ', '07962', 'NE'); 
INSERT INTO  member 
VALUES (1020, 'FALAH', 'KENNETH', 'P.O. BOX 335', 'TRENTON', 'NJ', '08607', 'NE');
 
--
-- Insert data for PUBLISHER table
--
INSERT INTO publisher 
VALUES(1,'PRINTING IS US','TOMMIE SEYMOUR','000-714-8321'); 
INSERT INTO publisher 
VALUES(2,'PUBLISH OUR WAY','JANE TOMLIN','010-410-0010'); 
INSERT INTO publisher 
VALUES(3,'AMERICAN PUBLISHING','DAVID DAVIDSON','800-555-1211'); 
INSERT INTO publisher 
VALUES(4,'READING MATERIALS INC.','RENEE SMITH','800-555-9743'); 
INSERT INTO publisher 
VALUES(5,'REED-N-RITE','SEBASTIAN JONES','800-555-8284');

--
-- Insert data for AUTHOR table
--
INSERT INTO author 
VALUES ('S100','SMITH', 'SAM'); 
INSERT INTO author 
VALUES ('J100','JONES','JANICE'); 
INSERT INTO author 
VALUES ('A100','AUSTIN','JAMES'); 
INSERT INTO author 
VALUES ('M100','MARTINEZ','SHEILA'); 
INSERT INTO author 
VALUES ('K100','KZOCHSKY','TAMARA'); 
INSERT INTO author 
VALUES ('P100','PORTER','LISA'); 
INSERT INTO author 
VALUES ('A105','ADAMS','JUAN'); 
INSERT INTO author 
VALUES ('B100','BAKER','JACK');  
INSERT INTO author 
VALUES ('P105','PETERSON','TINA'); 
INSERT INTO author 
VALUES ('W100','WHITE','WILLIAM'); 
INSERT INTO author 
VALUES ('W105','WHITE','LISA'); 
INSERT INTO author 
VALUES ('R100','ROBINSON','ROBERT'); 
INSERT INTO author 
VALUES ('F100','FIELDS','OSCAR'); 
INSERT INTO author 
VALUES ('W110','WILKINSON','ANTHONY');
 
--
-- Insert data for BOOKS table
--
INSERT INTO BOOKS 
VALUES ('1059831198','BODYBUILD IN 10 MINUTES A DAY','2005-01-21',4, 'FITNESS'); 
INSERT INTO BOOKS 
VALUES ('0401140733','REVENGE OF MICKEY','2005-12-22',1, 'FAMILY LIFE'); 
INSERT INTO BOOKS 
VALUES ('4981341710','BUILDING A CAR WITH TOOTHPICKS','2016-03-18',2, 'CHILDREN'); 
INSERT INTO BOOKS 
VALUES ('8843172113','DATABASE IMPLEMENTATION','2003-06-04',3, 'COMPUTER'); 
INSERT INTO BOOKS 
VALUES ('3437212490','COOKING WITH MUSHROOMS','2004-02-08',4, 'COOKING'); 
INSERT INTO BOOKS 
VALUES ('3957136468','HOLY GRAIL OF ORACLE','2005-12-31',3, 'COMPUTER'); 
INSERT INTO BOOKS 
VALUES ('1915762492','HANDCRANKED COMPUTERS','2005-01-12',3, 'COMPUTER'); 
INSERT INTO BOOKS 
VALUES ('9959789321','E-BUSINESS THE EASY WAY','2006-03-01',2, 'COMPUTER'); 
INSERT INTO BOOKS 
VALUES ('2491748320','PAINLESS CHILD-REARING','2004-07-14',5, 'FAMILY LIFE'); 
INSERT INTO BOOKS 
VALUES ('0299282519','THE WOK WAY TO COOK','2001-09-14',4, 'COOKING'); 
INSERT INTO BOOKS 
VALUES ('8117949391','BIG BEAR AND LITTLE DOVE','2005-11-14',5, 'CHILDREN'); 
INSERT INTO BOOKS 
VALUES ('0132149871','HOW TO GET FASTER PIZZA','2001-11-06',4, 'SELF HELP'); 
INSERT INTO BOOKS 
VALUES ('9247381001','HOW TO MANAGE THE MANAGER','2005-05-03',1,  'BUSINESS'); 
INSERT INTO BOOKS 
VALUES ('2147428890','SHORTEST POEMS','2006-05-05',5, 'LITERATURE');
 
--
-- Insert data for BOOKAUTHOR table
--
INSERT INTO bookauthor 
VALUES ('1059831198','S100'); 
INSERT INTO bookauthor 
VALUES ('1059831198','P100'); 
INSERT INTO bookauthor 
VALUES ('0401140733','J100'); 
INSERT INTO bookauthor 
VALUES ('4981341710','K100'); 
INSERT INTO bookauthor 
VALUES ('8843172113','P105'); 
INSERT INTO bookauthor 
VALUES ('8843172113','A100'); 
INSERT INTO bookauthor 
VALUES ('8843172113','A105'); 
INSERT INTO bookauthor 
VALUES ('3437212490','B100'); 
INSERT INTO bookauthor 
VALUES ('3957136468','A100'); 
INSERT INTO bookauthor 
VALUES ('1915762492','W100'); 
INSERT INTO bookauthor 
VALUES ('1915762492','W105'); 
INSERT INTO bookauthor 
VALUES ('9959789321','J100'); 
INSERT INTO bookauthor 
VALUES ('2491748320','R100'); 
INSERT INTO bookauthor 
VALUES ('2491748320','F100'); 
INSERT INTO bookauthor 
VALUES ('2491748320','B100'); 
INSERT INTO bookauthor 
VALUES ('0299282519','S100'); 
INSERT INTO bookauthor 
VALUES ('8117949391','R100'); 
INSERT INTO bookauthor 
VALUES ('0132149871','S100'); 
INSERT INTO bookauthor 
VALUES ('9247381001','W100'); 
INSERT INTO bookauthor 
VALUES ('2147428890','W105');

--
-- Insert data for BOOKCOPIES table
--
INSERT INTO bookcopies VALUES ('4981341710', 1234, 3);
INSERT INTO bookcopies VALUES ('8843172113', 1234, 8);
INSERT INTO bookcopies VALUES ('3437212490', 2345, 1);
INSERT INTO bookcopies VALUES ('3957136468', 3456, 4);
INSERT INTO bookcopies VALUES ('1915762492', 3456, 6);
INSERT INTO bookcopies VALUES ('9959789321', 5678, 9);
INSERT INTO bookcopies VALUES ('2491748320', 45678, 3);
INSERT INTO bookcopies VALUES ('0299282519', 5678, 9);
INSERT INTO bookcopies VALUES ('8117949391', 6789, 12);
INSERT INTO bookcopies VALUES ('0132149871', 45678, 5);
INSERT INTO bookcopies VALUES ('9247381001', 3456, 3);
INSERT INTO bookcopies VALUES ('2147428890', 2345, 7);

--
-- Insert data for bookloanstable
--
INSERT INTO bookloans VALUES ('4981341710', 1234, 1001,'2015-01-21', '2015-02-21');
INSERT INTO bookloans VALUES ('8843172113', 1234, 1003,'2015-12-22', '2016-01-22');
INSERT INTO bookloans VALUES ('3437212490', 2345, 1005,'2013-06-04','2013-07-04');
INSERT INTO bookloans VALUES ('3957136468', 3456, 1010, '2014-02-08', '2014-02-08');
INSERT INTO bookloans VALUES ('1915762492', 3456, 1011,'2015-12-31', '2016-01-31');
INSERT INTO bookloans VALUES ('9959789321', 5678, 1004, '2015-01-12','2015-02-12');
INSERT INTO bookloans VALUES ('2491748320', 45678, 1004, '2016-01-12','2016-02-12');
INSERT INTO bookloans VALUES ('0299282519', 5678, 1006, '2015-03-12','2015-04-12');
INSERT INTO bookloans VALUES ('8117949391', 6789, 1008, '2015-01-22','2015-06-12');
INSERT INTO bookloans VALUES ('9247381001', 3456, 1012, '2015-04-12','2015-05-12');
INSERT INTO bookloans VALUES ('2147428890', 2345, 1014, '2015-08-12','2015-09-12');